"LOCATION","INDICATOR","SUBJECT","MEASURE","FREQUENCY","TIME","Value","Flag Codes"
"AUS","SOCEXP","PUB","PC_GDP","A","2002",17.348,
"AUS","SOCEXP","PUB","PC_GDP","A","2003",17.546,
"AUS","SOCEXP","PUB","PC_GDP","A","2004",17.238,
"AUS","SOCEXP","PUB","PC_GDP","A","2005",16.694,
"AUS","SOCEXP","PUB","PC_GDP","A","2006",15.713,
"AUS","SOCEXP","PUB","PC_GDP","A","2007",15.873,
"AUS","SOCEXP","PUB","PC_GDP","A","2008",17.051,
"AUS","SOCEXP","PUB","PC_GDP","A","2009",16.869,
"AUS","SOCEXP","PUB","PC_GDP","A","2010",16.561,
"AUS","SOCEXP","PUB","PC_GDP","A","2011",17.015,
"AUS","SOCEXP","PUB","PC_GDP","A","2012",17.302,
"AUS","SOCEXP","PUB","PC_GDP","A","2013",17.247,
"AUS","SOCEXP","PUB","PC_GDP","A","2014",17.78,
"AUS","SOCEXP","PUB","PC_GDP","A","2015",18.148,
"AUS","SOCEXP","PUB","PC_GDP","A","2016",17.408,
"AUS","SOCEXP","PUB","PC_GDP","A","2017",16.71,
"AUT","SOCEXP","PUB","PC_GDP","A","2002",26.047,
"AUT","SOCEXP","PUB","PC_GDP","A","2003",26.584,
"AUT","SOCEXP","PUB","PC_GDP","A","2004",26.329,
"AUT","SOCEXP","PUB","PC_GDP","A","2005",25.952,
"AUT","SOCEXP","PUB","PC_GDP","A","2006",25.665,
"AUT","SOCEXP","PUB","PC_GDP","A","2007",25.086,
"AUT","SOCEXP","PUB","PC_GDP","A","2008",25.516,
"AUT","SOCEXP","PUB","PC_GDP","A","2009",27.467,
"AUT","SOCEXP","PUB","PC_GDP","A","2010",27.563,
"AUT","SOCEXP","PUB","PC_GDP","A","2011",26.744,
"AUT","SOCEXP","PUB","PC_GDP","A","2012",27.11,
"AUT","SOCEXP","PUB","PC_GDP","A","2013",27.517,
"AUT","SOCEXP","PUB","PC_GDP","A","2014",27.731,
"AUT","SOCEXP","PUB","PC_GDP","A","2015",27.735,
"AUT","SOCEXP","PUB","PC_GDP","A","2016",27.718,
"AUT","SOCEXP","PUB","PC_GDP","A","2017",27.263,
"AUT","SOCEXP","PUB","PC_GDP","A","2018",26.914,
"AUT","SOCEXP","PUB","PC_GDP","A","2019",26.945,
"BEL","SOCEXP","PUB","PC_GDP","A","2002",24.502,
"BEL","SOCEXP","PUB","PC_GDP","A","2003",25.65,
"BEL","SOCEXP","PUB","PC_GDP","A","2004",25.444,
"BEL","SOCEXP","PUB","PC_GDP","A","2005",25.311,
"BEL","SOCEXP","PUB","PC_GDP","A","2006",25.238,
"BEL","SOCEXP","PUB","PC_GDP","A","2007",24.984,
"BEL","SOCEXP","PUB","PC_GDP","A","2008",26.466,
"BEL","SOCEXP","PUB","PC_GDP","A","2009",28.761,
"BEL","SOCEXP","PUB","PC_GDP","A","2010",28.448,
"BEL","SOCEXP","PUB","PC_GDP","A","2011",28.893,
"BEL","SOCEXP","PUB","PC_GDP","A","2012",28.804,
"BEL","SOCEXP","PUB","PC_GDP","A","2013",29.198,
"BEL","SOCEXP","PUB","PC_GDP","A","2014",29.105,
"BEL","SOCEXP","PUB","PC_GDP","A","2015",29.517,
"BEL","SOCEXP","PUB","PC_GDP","A","2016",28.845,
"BEL","SOCEXP","PUB","PC_GDP","A","2017",28.718,
"BEL","SOCEXP","PUB","PC_GDP","A","2018",28.77,
"BEL","SOCEXP","PUB","PC_GDP","A","2019",28.902,
"CAN","SOCEXP","PUB","PC_GDP","A","2002",16.152,
"CAN","SOCEXP","PUB","PC_GDP","A","2003",16.233,
"CAN","SOCEXP","PUB","PC_GDP","A","2004",16.232,
"CAN","SOCEXP","PUB","PC_GDP","A","2005",16.087,
"CAN","SOCEXP","PUB","PC_GDP","A","2006",16.347,
"CAN","SOCEXP","PUB","PC_GDP","A","2007",16.261,
"CAN","SOCEXP","PUB","PC_GDP","A","2008",16.349,
"CAN","SOCEXP","PUB","PC_GDP","A","2009",18.08,
"CAN","SOCEXP","PUB","PC_GDP","A","2010",17.594,
"CAN","SOCEXP","PUB","PC_GDP","A","2011",17.078,
"CAN","SOCEXP","PUB","PC_GDP","A","2012",17.219,
"CAN","SOCEXP","PUB","PC_GDP","A","2013",16.978,
"CAN","SOCEXP","PUB","PC_GDP","A","2014",16.903,
"CAN","SOCEXP","PUB","PC_GDP","A","2015",17.931,
"CAN","SOCEXP","PUB","PC_GDP","A","2016",18.279,
"CAN","SOCEXP","PUB","PC_GDP","A","2017",18.022,
"CAN","SOCEXP","PUB","PC_GDP","A","2018",17.985,
"CZE","SOCEXP","PUB","PC_GDP","A","2002",18.545,
"CZE","SOCEXP","PUB","PC_GDP","A","2003",18.679,
"CZE","SOCEXP","PUB","PC_GDP","A","2004",17.842,
"CZE","SOCEXP","PUB","PC_GDP","A","2005",17.96,
"CZE","SOCEXP","PUB","PC_GDP","A","2006",17.646,
"CZE","SOCEXP","PUB","PC_GDP","A","2007",17.432,
"CZE","SOCEXP","PUB","PC_GDP","A","2008",17.719,
"CZE","SOCEXP","PUB","PC_GDP","A","2009",19.996,
"CZE","SOCEXP","PUB","PC_GDP","A","2010",19.572,
"CZE","SOCEXP","PUB","PC_GDP","A","2011",19.619,
"CZE","SOCEXP","PUB","PC_GDP","A","2012",19.827,
"CZE","SOCEXP","PUB","PC_GDP","A","2013",20.677,
"CZE","SOCEXP","PUB","PC_GDP","A","2014",20.07,
"CZE","SOCEXP","PUB","PC_GDP","A","2015",19.273,
"CZE","SOCEXP","PUB","PC_GDP","A","2016",18.888,
"CZE","SOCEXP","PUB","PC_GDP","A","2017",18.547,
"CZE","SOCEXP","PUB","PC_GDP","A","2018",18.759,
"CZE","SOCEXP","PUB","PC_GDP","A","2019",19.159,
"DNK","SOCEXP","PUB","PC_GDP","A","2002",24.804,
"DNK","SOCEXP","PUB","PC_GDP","A","2003",25.328,
"DNK","SOCEXP","PUB","PC_GDP","A","2004",25.119,
"DNK","SOCEXP","PUB","PC_GDP","A","2005",25.195,
"DNK","SOCEXP","PUB","PC_GDP","A","2006",24.961,
"DNK","SOCEXP","PUB","PC_GDP","A","2007",25.912,
"DNK","SOCEXP","PUB","PC_GDP","A","2008",26.324,
"DNK","SOCEXP","PUB","PC_GDP","A","2009",29.282,
"DNK","SOCEXP","PUB","PC_GDP","A","2010",29.637,
"DNK","SOCEXP","PUB","PC_GDP","A","2011",29.776,
"DNK","SOCEXP","PUB","PC_GDP","A","2012",29.927,
"DNK","SOCEXP","PUB","PC_GDP","A","2013",29.892,
"DNK","SOCEXP","PUB","PC_GDP","A","2014",29.877,
"DNK","SOCEXP","PUB","PC_GDP","A","2015",29.869,
"DNK","SOCEXP","PUB","PC_GDP","A","2016",29.31,
"DNK","SOCEXP","PUB","PC_GDP","A","2017",29.164,
"DNK","SOCEXP","PUB","PC_GDP","A","2018",28.684,
"DNK","SOCEXP","PUB","PC_GDP","A","2019",28.299,
"FIN","SOCEXP","PUB","PC_GDP","A","2002",23.192,
"FIN","SOCEXP","PUB","PC_GDP","A","2003",23.839,
"FIN","SOCEXP","PUB","PC_GDP","A","2004",23.951,
"FIN","SOCEXP","PUB","PC_GDP","A","2005",23.926,
"FIN","SOCEXP","PUB","PC_GDP","A","2006",23.74,
"FIN","SOCEXP","PUB","PC_GDP","A","2007",22.81,
"FIN","SOCEXP","PUB","PC_GDP","A","2008",23.323,
"FIN","SOCEXP","PUB","PC_GDP","A","2009",26.902,
"FIN","SOCEXP","PUB","PC_GDP","A","2010",27.36,
"FIN","SOCEXP","PUB","PC_GDP","A","2011",27.024,
"FIN","SOCEXP","PUB","PC_GDP","A","2012",28.285,
"FIN","SOCEXP","PUB","PC_GDP","A","2013",29.398,
"FIN","SOCEXP","PUB","PC_GDP","A","2014",30.121,
"FIN","SOCEXP","PUB","PC_GDP","A","2015",30.506,
"FIN","SOCEXP","PUB","PC_GDP","A","2016",30.449,
"FIN","SOCEXP","PUB","PC_GDP","A","2017",29.626,
"FIN","SOCEXP","PUB","PC_GDP","A","2018",29.275,
"FIN","SOCEXP","PUB","PC_GDP","A","2019",29.132,
"FRA","SOCEXP","PUB","PC_GDP","A","2002",28.409,
"FRA","SOCEXP","PUB","PC_GDP","A","2003",28.788,
"FRA","SOCEXP","PUB","PC_GDP","A","2004",28.862,
"FRA","SOCEXP","PUB","PC_GDP","A","2005",28.825,
"FRA","SOCEXP","PUB","PC_GDP","A","2006",28.431,
"FRA","SOCEXP","PUB","PC_GDP","A","2007",28.279,
"FRA","SOCEXP","PUB","PC_GDP","A","2008",28.52,
"FRA","SOCEXP","PUB","PC_GDP","A","2009",31.021,
"FRA","SOCEXP","PUB","PC_GDP","A","2010",31.084,
"FRA","SOCEXP","PUB","PC_GDP","A","2011",30.776,
"FRA","SOCEXP","PUB","PC_GDP","A","2012",31.211,
"FRA","SOCEXP","PUB","PC_GDP","A","2013",31.705,
"FRA","SOCEXP","PUB","PC_GDP","A","2014",32.027,
"FRA","SOCEXP","PUB","PC_GDP","A","2015",31.791,
"FRA","SOCEXP","PUB","PC_GDP","A","2016",31.847,
"FRA","SOCEXP","PUB","PC_GDP","A","2017",31.5,
"FRA","SOCEXP","PUB","PC_GDP","A","2018",31.077,
"FRA","SOCEXP","PUB","PC_GDP","A","2019",30.987,
"DEU","SOCEXP","PUB","PC_GDP","A","2002",26.163,
"DEU","SOCEXP","PUB","PC_GDP","A","2003",26.624,
"DEU","SOCEXP","PUB","PC_GDP","A","2004",26.02,
"DEU","SOCEXP","PUB","PC_GDP","A","2005",26.38,
"DEU","SOCEXP","PUB","PC_GDP","A","2006",25.106,
"DEU","SOCEXP","PUB","PC_GDP","A","2007",24.208,
"DEU","SOCEXP","PUB","PC_GDP","A","2008",24.353,
"DEU","SOCEXP","PUB","PC_GDP","A","2009",26.8,
"DEU","SOCEXP","PUB","PC_GDP","A","2010",26.046,
"DEU","SOCEXP","PUB","PC_GDP","A","2011",24.745,
"DEU","SOCEXP","PUB","PC_GDP","A","2012",24.652,
"DEU","SOCEXP","PUB","PC_GDP","A","2013",24.834,
"DEU","SOCEXP","PUB","PC_GDP","A","2014",24.773,
"DEU","SOCEXP","PUB","PC_GDP","A","2015",24.997,
"DEU","SOCEXP","PUB","PC_GDP","A","2016",25.254,
"DEU","SOCEXP","PUB","PC_GDP","A","2017",25.37,
"DEU","SOCEXP","PUB","PC_GDP","A","2018",25.342,
"DEU","SOCEXP","PUB","PC_GDP","A","2019",25.881,
"GRC","SOCEXP","PUB","PC_GDP","A","2002",18.359,
"GRC","SOCEXP","PUB","PC_GDP","A","2003",18.178,
"GRC","SOCEXP","PUB","PC_GDP","A","2004",18.309,
"GRC","SOCEXP","PUB","PC_GDP","A","2005",19.534,
"GRC","SOCEXP","PUB","PC_GDP","A","2006",19.379,
"GRC","SOCEXP","PUB","PC_GDP","A","2007",20.135,
"GRC","SOCEXP","PUB","PC_GDP","A","2008",21.571,
"GRC","SOCEXP","PUB","PC_GDP","A","2009",23.912,
"GRC","SOCEXP","PUB","PC_GDP","A","2010",24.806,
"GRC","SOCEXP","PUB","PC_GDP","A","2011",25.988,
"GRC","SOCEXP","PUB","PC_GDP","A","2012",27.021,
"GRC","SOCEXP","PUB","PC_GDP","A","2013",25.249,
"GRC","SOCEXP","PUB","PC_GDP","A","2014",25.309,
"GRC","SOCEXP","PUB","PC_GDP","A","2015",25.382,
"GRC","SOCEXP","PUB","PC_GDP","A","2016",25.58,
"GRC","SOCEXP","PUB","PC_GDP","A","2017",24.658,
"GRC","SOCEXP","PUB","PC_GDP","A","2018",24.13,
"GRC","SOCEXP","PUB","PC_GDP","A","2019",24.021,
"HUN","SOCEXP","PUB","PC_GDP","A","2002",20.8,
"HUN","SOCEXP","PUB","PC_GDP","A","2003",21.79,
"HUN","SOCEXP","PUB","PC_GDP","A","2004",21.086,
"HUN","SOCEXP","PUB","PC_GDP","A","2005",21.864,
"HUN","SOCEXP","PUB","PC_GDP","A","2006",22.148,
"HUN","SOCEXP","PUB","PC_GDP","A","2007",22.419,
"HUN","SOCEXP","PUB","PC_GDP","A","2008",22.659,
"HUN","SOCEXP","PUB","PC_GDP","A","2009",23.25,
"HUN","SOCEXP","PUB","PC_GDP","A","2010",22.998,
"HUN","SOCEXP","PUB","PC_GDP","A","2011",22.305,
"HUN","SOCEXP","PUB","PC_GDP","A","2012",22.604,
"HUN","SOCEXP","PUB","PC_GDP","A","2013",22.224,
"HUN","SOCEXP","PUB","PC_GDP","A","2014",21.46,
"HUN","SOCEXP","PUB","PC_GDP","A","2015",20.439,
"HUN","SOCEXP","PUB","PC_GDP","A","2016",20.296,
"HUN","SOCEXP","PUB","PC_GDP","A","2017",19.677,
"HUN","SOCEXP","PUB","PC_GDP","A","2018",18.81,
"HUN","SOCEXP","PUB","PC_GDP","A","2019",18.098,
"ISL","SOCEXP","PUB","PC_GDP","A","2002",15.901,
"ISL","SOCEXP","PUB","PC_GDP","A","2003",16.983,
"ISL","SOCEXP","PUB","PC_GDP","A","2004",16.619,
"ISL","SOCEXP","PUB","PC_GDP","A","2005",15.832,
"ISL","SOCEXP","PUB","PC_GDP","A","2006",15.347,
"ISL","SOCEXP","PUB","PC_GDP","A","2007",14.488,
"ISL","SOCEXP","PUB","PC_GDP","A","2008",14.852,
"ISL","SOCEXP","PUB","PC_GDP","A","2009",16.994,
"ISL","SOCEXP","PUB","PC_GDP","A","2010",16.44,
"ISL","SOCEXP","PUB","PC_GDP","A","2011",16.549,
"ISL","SOCEXP","PUB","PC_GDP","A","2012",16.179,
"ISL","SOCEXP","PUB","PC_GDP","A","2013",15.714,
"ISL","SOCEXP","PUB","PC_GDP","A","2014",15.915,
"ISL","SOCEXP","PUB","PC_GDP","A","2015",15.083,
"ISL","SOCEXP","PUB","PC_GDP","A","2016",14.952,
"ISL","SOCEXP","PUB","PC_GDP","A","2017",16.012,
"ISL","SOCEXP","PUB","PC_GDP","A","2018",16.433,
"ISL","SOCEXP","PUB","PC_GDP","A","2019",17.406,
"IRL","SOCEXP","PUB","PC_GDP","A","2002",14.399,
"IRL","SOCEXP","PUB","PC_GDP","A","2003",14.879,
"IRL","SOCEXP","PUB","PC_GDP","A","2004",15.151,
"IRL","SOCEXP","PUB","PC_GDP","A","2005",15.38,
"IRL","SOCEXP","PUB","PC_GDP","A","2006",15.371,
"IRL","SOCEXP","PUB","PC_GDP","A","2007",16.226,
"IRL","SOCEXP","PUB","PC_GDP","A","2008",19.2,
"IRL","SOCEXP","PUB","PC_GDP","A","2009",23.106,
"IRL","SOCEXP","PUB","PC_GDP","A","2010",23.781,
"IRL","SOCEXP","PUB","PC_GDP","A","2011",22.959,
"IRL","SOCEXP","PUB","PC_GDP","A","2012",22.566,
"IRL","SOCEXP","PUB","PC_GDP","A","2013",21.454,
"IRL","SOCEXP","PUB","PC_GDP","A","2014",19.647,
"IRL","SOCEXP","PUB","PC_GDP","A","2015",14.874,
"IRL","SOCEXP","PUB","PC_GDP","A","2016",15.069,
"IRL","SOCEXP","PUB","PC_GDP","A","2017",14.224,
"IRL","SOCEXP","PUB","PC_GDP","A","2018",13.59,
"IRL","SOCEXP","PUB","PC_GDP","A","2019",13.363,
"ITA","SOCEXP","PUB","PC_GDP","A","2002",23.272,
"ITA","SOCEXP","PUB","PC_GDP","A","2003",23.611,
"ITA","SOCEXP","PUB","PC_GDP","A","2004",23.868,
"ITA","SOCEXP","PUB","PC_GDP","A","2005",24.107,
"ITA","SOCEXP","PUB","PC_GDP","A","2006",24.23,
"ITA","SOCEXP","PUB","PC_GDP","A","2007",24.054,
"ITA","SOCEXP","PUB","PC_GDP","A","2008",24.993,
"ITA","SOCEXP","PUB","PC_GDP","A","2009",27.023,
"ITA","SOCEXP","PUB","PC_GDP","A","2010",27.004,
"ITA","SOCEXP","PUB","PC_GDP","A","2011",26.614,
"ITA","SOCEXP","PUB","PC_GDP","A","2012",27.288,
"ITA","SOCEXP","PUB","PC_GDP","A","2013",27.894,
"ITA","SOCEXP","PUB","PC_GDP","A","2014",28.157,
"ITA","SOCEXP","PUB","PC_GDP","A","2015",28.333,
"ITA","SOCEXP","PUB","PC_GDP","A","2016",27.907,
"ITA","SOCEXP","PUB","PC_GDP","A","2017",27.645,
"ITA","SOCEXP","PUB","PC_GDP","A","2018",27.768,
"ITA","SOCEXP","PUB","PC_GDP","A","2019",28.195,
"JPN","SOCEXP","PUB","PC_GDP","A","2002",16.441,
"JPN","SOCEXP","PUB","PC_GDP","A","2003",16.642,
"JPN","SOCEXP","PUB","PC_GDP","A","2004",16.845,
"JPN","SOCEXP","PUB","PC_GDP","A","2005",17.103,
"JPN","SOCEXP","PUB","PC_GDP","A","2006",17.23,
"JPN","SOCEXP","PUB","PC_GDP","A","2007",17.635,
"JPN","SOCEXP","PUB","PC_GDP","A","2008",18.641,
"JPN","SOCEXP","PUB","PC_GDP","A","2009",20.809,
"JPN","SOCEXP","PUB","PC_GDP","A","2010",21.161,
"JPN","SOCEXP","PUB","PC_GDP","A","2011",22.196,
"JPN","SOCEXP","PUB","PC_GDP","A","2012",22.135,
"JPN","SOCEXP","PUB","PC_GDP","A","2013",22.064,
"JPN","SOCEXP","PUB","PC_GDP","A","2014",21.831,
"JPN","SOCEXP","PUB","PC_GDP","A","2015",22.231,
"JPN","SOCEXP","PUB","PC_GDP","A","2016",22.284,
"JPN","SOCEXP","PUB","PC_GDP","A","2017",22.324,
"KOR","SOCEXP","PUB","PC_GDP","A","2002",4.654,
"KOR","SOCEXP","PUB","PC_GDP","A","2003",4.945,
"KOR","SOCEXP","PUB","PC_GDP","A","2004",5.536,
"KOR","SOCEXP","PUB","PC_GDP","A","2005",5.881,
"KOR","SOCEXP","PUB","PC_GDP","A","2006",6.699,
"KOR","SOCEXP","PUB","PC_GDP","A","2007",6.782,
"KOR","SOCEXP","PUB","PC_GDP","A","2008",7.264,
"KOR","SOCEXP","PUB","PC_GDP","A","2009",8.069,
"KOR","SOCEXP","PUB","PC_GDP","A","2010",7.86,
"KOR","SOCEXP","PUB","PC_GDP","A","2011",7.814,
"KOR","SOCEXP","PUB","PC_GDP","A","2012",8.329,
"KOR","SOCEXP","PUB","PC_GDP","A","2013",8.825,
"KOR","SOCEXP","PUB","PC_GDP","A","2014",9.19,
"KOR","SOCEXP","PUB","PC_GDP","A","2015",9.636,
"KOR","SOCEXP","PUB","PC_GDP","A","2016",9.87,
"KOR","SOCEXP","PUB","PC_GDP","A","2017",10.107,
"KOR","SOCEXP","PUB","PC_GDP","A","2018",10.836,
"KOR","SOCEXP","PUB","PC_GDP","A","2019",12.2,
"LUX","SOCEXP","PUB","PC_GDP","A","2002",21.428,
"LUX","SOCEXP","PUB","PC_GDP","A","2003",22.809,
"LUX","SOCEXP","PUB","PC_GDP","A","2004",23.077,
"LUX","SOCEXP","PUB","PC_GDP","A","2005",22.833,
"LUX","SOCEXP","PUB","PC_GDP","A","2006",21.397,
"LUX","SOCEXP","PUB","PC_GDP","A","2007",20.211,
"LUX","SOCEXP","PUB","PC_GDP","A","2008",21.937,
"LUX","SOCEXP","PUB","PC_GDP","A","2009",24.037,
"LUX","SOCEXP","PUB","PC_GDP","A","2010",23.139,
"LUX","SOCEXP","PUB","PC_GDP","A","2011",21.19,
"LUX","SOCEXP","PUB","PC_GDP","A","2012",22.067,
"LUX","SOCEXP","PUB","PC_GDP","A","2013",22.267,
"LUX","SOCEXP","PUB","PC_GDP","A","2014",21.852,
"LUX","SOCEXP","PUB","PC_GDP","A","2015",21.62,
"LUX","SOCEXP","PUB","PC_GDP","A","2016",21.02,
"LUX","SOCEXP","PUB","PC_GDP","A","2017",21.505,
"LUX","SOCEXP","PUB","PC_GDP","A","2018",21.46,
"LUX","SOCEXP","PUB","PC_GDP","A","2019",21.637,
"MEX","SOCEXP","PUB","PC_GDP","A","2002",5.346,
"MEX","SOCEXP","PUB","PC_GDP","A","2003",6.02,
"MEX","SOCEXP","PUB","PC_GDP","A","2004",5.954,
"MEX","SOCEXP","PUB","PC_GDP","A","2005",6.145,
"MEX","SOCEXP","PUB","PC_GDP","A","2006",6.26,
"MEX","SOCEXP","PUB","PC_GDP","A","2007",6.255,
"MEX","SOCEXP","PUB","PC_GDP","A","2008",6.704,
"MEX","SOCEXP","PUB","PC_GDP","A","2009",7.262,
"MEX","SOCEXP","PUB","PC_GDP","A","2010",7.368,
"MEX","SOCEXP","PUB","PC_GDP","A","2011",7.222,
"MEX","SOCEXP","PUB","PC_GDP","A","2012",7.235,
"MEX","SOCEXP","PUB","PC_GDP","A","2013",7.566,
"MEX","SOCEXP","PUB","PC_GDP","A","2014",7.566,
"MEX","SOCEXP","PUB","PC_GDP","A","2015",7.676,
"MEX","SOCEXP","PUB","PC_GDP","A","2016",7.501,
"MEX","SOCEXP","PUB","PC_GDP","A","2017",7.496,
"MEX","SOCEXP","PUB","PC_GDP","A","2018",7.237,
"MEX","SOCEXP","PUB","PC_GDP","A","2019",7.481,
"NLD","SOCEXP","PUB","PC_GDP","A","2002",19.878,
"NLD","SOCEXP","PUB","PC_GDP","A","2003",20.555,
"NLD","SOCEXP","PUB","PC_GDP","A","2004",20.397,
"NLD","SOCEXP","PUB","PC_GDP","A","2005",19.921,
"NLD","SOCEXP","PUB","PC_GDP","A","2006",16.434,
"NLD","SOCEXP","PUB","PC_GDP","A","2007",15.742,
"NLD","SOCEXP","PUB","PC_GDP","A","2008",15.479,
"NLD","SOCEXP","PUB","PC_GDP","A","2009",17.072,
"NLD","SOCEXP","PUB","PC_GDP","A","2010",17.467,
"NLD","SOCEXP","PUB","PC_GDP","A","2011",17.54,
"NLD","SOCEXP","PUB","PC_GDP","A","2012",17.926,
"NLD","SOCEXP","PUB","PC_GDP","A","2013",18.134,
"NLD","SOCEXP","PUB","PC_GDP","A","2014",17.932,
"NLD","SOCEXP","PUB","PC_GDP","A","2015",17.598,
"NLD","SOCEXP","PUB","PC_GDP","A","2016",17.473,
"NLD","SOCEXP","PUB","PC_GDP","A","2017",16.609,
"NLD","SOCEXP","PUB","PC_GDP","A","2018",16.221,
"NLD","SOCEXP","PUB","PC_GDP","A","2019",16.08,
"NZL","SOCEXP","PUB","PC_GDP","A","2002",18.249,
"NZL","SOCEXP","PUB","PC_GDP","A","2003",17.73,
"NZL","SOCEXP","PUB","PC_GDP","A","2004",17.422,
"NZL","SOCEXP","PUB","PC_GDP","A","2005",18.009,
"NZL","SOCEXP","PUB","PC_GDP","A","2006",18.707,
"NZL","SOCEXP","PUB","PC_GDP","A","2007",18.453,
"NZL","SOCEXP","PUB","PC_GDP","A","2008",19.843,
"NZL","SOCEXP","PUB","PC_GDP","A","2009",20.892,
"NZL","SOCEXP","PUB","PC_GDP","A","2010",20.625,
"NZL","SOCEXP","PUB","PC_GDP","A","2011",20.241,
"NZL","SOCEXP","PUB","PC_GDP","A","2012",20.401,
"NZL","SOCEXP","PUB","PC_GDP","A","2013",19.718,
"NZL","SOCEXP","PUB","PC_GDP","A","2014",19.748,
"NZL","SOCEXP","PUB","PC_GDP","A","2015",19.36,
"NZL","SOCEXP","PUB","PC_GDP","A","2016",19.04,
"NZL","SOCEXP","PUB","PC_GDP","A","2017",18.555,
"NZL","SOCEXP","PUB","PC_GDP","A","2018",19.389,
"NOR","SOCEXP","PUB","PC_GDP","A","2002",22.71,
"NOR","SOCEXP","PUB","PC_GDP","A","2003",23.644,
"NOR","SOCEXP","PUB","PC_GDP","A","2004",22.283,
"NOR","SOCEXP","PUB","PC_GDP","A","2005",20.737,
"NOR","SOCEXP","PUB","PC_GDP","A","2006",19.479,
"NOR","SOCEXP","PUB","PC_GDP","A","2007",19.603,
"NOR","SOCEXP","PUB","PC_GDP","A","2008",19.273,
"NOR","SOCEXP","PUB","PC_GDP","A","2009",22.509,
"NOR","SOCEXP","PUB","PC_GDP","A","2010",22.099,
"NOR","SOCEXP","PUB","PC_GDP","A","2011",21.58,
"NOR","SOCEXP","PUB","PC_GDP","A","2012",21.504,
"NOR","SOCEXP","PUB","PC_GDP","A","2013",21.969,
"NOR","SOCEXP","PUB","PC_GDP","A","2014",22.909,
"NOR","SOCEXP","PUB","PC_GDP","A","2015",24.788,
"NOR","SOCEXP","PUB","PC_GDP","A","2016",26.027,
"NOR","SOCEXP","PUB","PC_GDP","A","2017",25.212,
"NOR","SOCEXP","PUB","PC_GDP","A","2018",24.38,
"NOR","SOCEXP","PUB","PC_GDP","A","2019",25.316,
"POL","SOCEXP","PUB","PC_GDP","A","2002",21.854,
"POL","SOCEXP","PUB","PC_GDP","A","2003",21.993,
"POL","SOCEXP","PUB","PC_GDP","A","2004",21.248,
"POL","SOCEXP","PUB","PC_GDP","A","2005",20.896,
"POL","SOCEXP","PUB","PC_GDP","A","2006",20.625,
"POL","SOCEXP","PUB","PC_GDP","A","2007",19.525,
"POL","SOCEXP","PUB","PC_GDP","A","2008",20.211,
"POL","SOCEXP","PUB","PC_GDP","A","2009",21.304,
"POL","SOCEXP","PUB","PC_GDP","A","2010",20.746,
"POL","SOCEXP","PUB","PC_GDP","A","2011",19.556,
"POL","SOCEXP","PUB","PC_GDP","A","2012",19.78,
"POL","SOCEXP","PUB","PC_GDP","A","2013",20.476,
"POL","SOCEXP","PUB","PC_GDP","A","2014",20.176,
"POL","SOCEXP","PUB","PC_GDP","A","2015",20.23,
"POL","SOCEXP","PUB","PC_GDP","A","2016",21.217,
"POL","SOCEXP","PUB","PC_GDP","A","2017",20.8,
"POL","SOCEXP","PUB","PC_GDP","A","2018",20.601,
"POL","SOCEXP","PUB","PC_GDP","A","2019",21.336,
"PRT","SOCEXP","PUB","PC_GDP","A","2002",20.294,
"PRT","SOCEXP","PUB","PC_GDP","A","2003",21.339,
"PRT","SOCEXP","PUB","PC_GDP","A","2004",21.675,
"PRT","SOCEXP","PUB","PC_GDP","A","2005",22.303,
"PRT","SOCEXP","PUB","PC_GDP","A","2006",22.02,
"PRT","SOCEXP","PUB","PC_GDP","A","2007",21.73,
"PRT","SOCEXP","PUB","PC_GDP","A","2008",22.161,
"PRT","SOCEXP","PUB","PC_GDP","A","2009",24.55,
"PRT","SOCEXP","PUB","PC_GDP","A","2010",24.521,
"PRT","SOCEXP","PUB","PC_GDP","A","2011",24.402,
"PRT","SOCEXP","PUB","PC_GDP","A","2012",24.544,
"PRT","SOCEXP","PUB","PC_GDP","A","2013",25.543,
"PRT","SOCEXP","PUB","PC_GDP","A","2014",25.076,
"PRT","SOCEXP","PUB","PC_GDP","A","2015",24.049,
"PRT","SOCEXP","PUB","PC_GDP","A","2016",23.375,
"PRT","SOCEXP","PUB","PC_GDP","A","2017",22.662,
"PRT","SOCEXP","PUB","PC_GDP","A","2018",22.521,
"PRT","SOCEXP","PUB","PC_GDP","A","2019",22.606,
"SVK","SOCEXP","PUB","PC_GDP","A","2002",17.321,
"SVK","SOCEXP","PUB","PC_GDP","A","2003",16.563,
"SVK","SOCEXP","PUB","PC_GDP","A","2004",15.848,
"SVK","SOCEXP","PUB","PC_GDP","A","2005",15.334,
"SVK","SOCEXP","PUB","PC_GDP","A","2006",15.009,
"SVK","SOCEXP","PUB","PC_GDP","A","2007",14.808,
"SVK","SOCEXP","PUB","PC_GDP","A","2008",14.889,
"SVK","SOCEXP","PUB","PC_GDP","A","2009",17.722,
"SVK","SOCEXP","PUB","PC_GDP","A","2010",17.423,
"SVK","SOCEXP","PUB","PC_GDP","A","2011",17.137,
"SVK","SOCEXP","PUB","PC_GDP","A","2012",17.244,
"SVK","SOCEXP","PUB","PC_GDP","A","2013",17.576,
"SVK","SOCEXP","PUB","PC_GDP","A","2014",17.654,
"SVK","SOCEXP","PUB","PC_GDP","A","2015",17.228,
"SVK","SOCEXP","PUB","PC_GDP","A","2016",17.566,
"SVK","SOCEXP","PUB","PC_GDP","A","2017",17.453,
"SVK","SOCEXP","PUB","PC_GDP","A","2018",17.168,
"SVK","SOCEXP","PUB","PC_GDP","A","2019",17.67,
"ESP","SOCEXP","PUB","PC_GDP","A","2002",19.35,
"ESP","SOCEXP","PUB","PC_GDP","A","2003",19.989,
"ESP","SOCEXP","PUB","PC_GDP","A","2004",20.214,
"ESP","SOCEXP","PUB","PC_GDP","A","2005",20.475,
"ESP","SOCEXP","PUB","PC_GDP","A","2006",20.516,
"ESP","SOCEXP","PUB","PC_GDP","A","2007",20.897,
"ESP","SOCEXP","PUB","PC_GDP","A","2008",22.326,
"ESP","SOCEXP","PUB","PC_GDP","A","2009",25.613,
"ESP","SOCEXP","PUB","PC_GDP","A","2010",24.895,
"ESP","SOCEXP","PUB","PC_GDP","A","2011",25.534,
"ESP","SOCEXP","PUB","PC_GDP","A","2012",25.545,
"ESP","SOCEXP","PUB","PC_GDP","A","2013",25.698,
"ESP","SOCEXP","PUB","PC_GDP","A","2014",25.367,
"ESP","SOCEXP","PUB","PC_GDP","A","2015",24.702,
"ESP","SOCEXP","PUB","PC_GDP","A","2016",24.236,
"ESP","SOCEXP","PUB","PC_GDP","A","2017",23.943,
"ESP","SOCEXP","PUB","PC_GDP","A","2018",24.17,
"ESP","SOCEXP","PUB","PC_GDP","A","2019",24.669,
"SWE","SOCEXP","PUB","PC_GDP","A","2002",27.253,
"SWE","SOCEXP","PUB","PC_GDP","A","2003",27.962,
"SWE","SOCEXP","PUB","PC_GDP","A","2004",27.458,
"SWE","SOCEXP","PUB","PC_GDP","A","2005",27.131,
"SWE","SOCEXP","PUB","PC_GDP","A","2006",26.456,
"SWE","SOCEXP","PUB","PC_GDP","A","2007",25.369,
"SWE","SOCEXP","PUB","PC_GDP","A","2008",25.409,
"SWE","SOCEXP","PUB","PC_GDP","A","2009",27.249,
"SWE","SOCEXP","PUB","PC_GDP","A","2010",25.907,
"SWE","SOCEXP","PUB","PC_GDP","A","2011",25.321,
"SWE","SOCEXP","PUB","PC_GDP","A","2012",26.33,
"SWE","SOCEXP","PUB","PC_GDP","A","2013",27.003,
"SWE","SOCEXP","PUB","PC_GDP","A","2014",26.638,
"SWE","SOCEXP","PUB","PC_GDP","A","2015",26.173,
"SWE","SOCEXP","PUB","PC_GDP","A","2016",26.59,
"SWE","SOCEXP","PUB","PC_GDP","A","2017",26.047,
"SWE","SOCEXP","PUB","PC_GDP","A","2018",25.79,
"SWE","SOCEXP","PUB","PC_GDP","A","2019",25.452,
"CHE","SOCEXP","PUB","PC_GDP","A","2002",15.79,
"CHE","SOCEXP","PUB","PC_GDP","A","2003",16.407,
"CHE","SOCEXP","PUB","PC_GDP","A","2004",16.297,
"CHE","SOCEXP","PUB","PC_GDP","A","2005",16.134,
"CHE","SOCEXP","PUB","PC_GDP","A","2006",15.388,
"CHE","SOCEXP","PUB","PC_GDP","A","2007",14.776,
"CHE","SOCEXP","PUB","PC_GDP","A","2008",14.453,
"CHE","SOCEXP","PUB","PC_GDP","A","2009",16.036,
"CHE","SOCEXP","PUB","PC_GDP","A","2010",15.716,
"CHE","SOCEXP","PUB","PC_GDP","A","2011",15.648,
"CHE","SOCEXP","PUB","PC_GDP","A","2012",15.934,
"CHE","SOCEXP","PUB","PC_GDP","A","2013",16.222,
"CHE","SOCEXP","PUB","PC_GDP","A","2014",16.133,
"CHE","SOCEXP","PUB","PC_GDP","A","2015",16.608,
"CHE","SOCEXP","PUB","PC_GDP","A","2016",16.824,
"CHE","SOCEXP","PUB","PC_GDP","A","2017",17.028,
"CHE","SOCEXP","PUB","PC_GDP","A","2018",16.654,
"TUR","SOCEXP","PUB","PC_GDP","A","2002",8.801,
"TUR","SOCEXP","PUB","PC_GDP","A","2003",9.76,
"TUR","SOCEXP","PUB","PC_GDP","A","2004",10.053,
"TUR","SOCEXP","PUB","PC_GDP","A","2005",10.087,
"TUR","SOCEXP","PUB","PC_GDP","A","2006",10.358,
"TUR","SOCEXP","PUB","PC_GDP","A","2007",10.907,
"TUR","SOCEXP","PUB","PC_GDP","A","2008",11.106,
"TUR","SOCEXP","PUB","PC_GDP","A","2009",13.022,
"TUR","SOCEXP","PUB","PC_GDP","A","2010",12.336,
"TUR","SOCEXP","PUB","PC_GDP","A","2011",11.858,
"TUR","SOCEXP","PUB","PC_GDP","A","2012",12.004,
"TUR","SOCEXP","PUB","PC_GDP","A","2013",11.804,
"TUR","SOCEXP","PUB","PC_GDP","A","2014",11.696,
"TUR","SOCEXP","PUB","PC_GDP","A","2015",11.572,
"TUR","SOCEXP","PUB","PC_GDP","A","2016",12.642,
"TUR","SOCEXP","PUB","PC_GDP","A","2017",12.105,
"TUR","SOCEXP","PUB","PC_GDP","A","2018",12.201,
"TUR","SOCEXP","PUB","PC_GDP","A","2019",11.991,
"GBR","SOCEXP","PUB","PC_GDP","A","2002",17.955,
"GBR","SOCEXP","PUB","PC_GDP","A","2003",18.746,
"GBR","SOCEXP","PUB","PC_GDP","A","2004",19.323,
"GBR","SOCEXP","PUB","PC_GDP","A","2005",19.276,
"GBR","SOCEXP","PUB","PC_GDP","A","2006",19.187,
"GBR","SOCEXP","PUB","PC_GDP","A","2007",19.723,
"GBR","SOCEXP","PUB","PC_GDP","A","2008",21.052,
"GBR","SOCEXP","PUB","PC_GDP","A","2009",23.185,
"GBR","SOCEXP","PUB","PC_GDP","A","2010",23.332,
"GBR","SOCEXP","PUB","PC_GDP","A","2011",23.09,
"GBR","SOCEXP","PUB","PC_GDP","A","2012",23.194,
"GBR","SOCEXP","PUB","PC_GDP","A","2013",22.37,
"GBR","SOCEXP","PUB","PC_GDP","A","2014",21.864,
"GBR","SOCEXP","PUB","PC_GDP","A","2015",21.509,
"GBR","SOCEXP","PUB","PC_GDP","A","2016",20.845,
"GBR","SOCEXP","PUB","PC_GDP","A","2017",20.473,
"GBR","SOCEXP","PUB","PC_GDP","A","2018",20.291,
"GBR","SOCEXP","PUB","PC_GDP","A","2019",20.616,
"USA","SOCEXP","PUB","PC_GDP","A","2002",15.529,
"USA","SOCEXP","PUB","PC_GDP","A","2003",15.8,
"USA","SOCEXP","PUB","PC_GDP","A","2004",15.665,
"USA","SOCEXP","PUB","PC_GDP","A","2005",15.494,
"USA","SOCEXP","PUB","PC_GDP","A","2006",15.543,
"USA","SOCEXP","PUB","PC_GDP","A","2007",15.691,
"USA","SOCEXP","PUB","PC_GDP","A","2008",16.3,
"USA","SOCEXP","PUB","PC_GDP","A","2009",18.358,
"USA","SOCEXP","PUB","PC_GDP","A","2010",19.095,
"USA","SOCEXP","PUB","PC_GDP","A","2011",18.801,
"USA","SOCEXP","PUB","PC_GDP","A","2012",18.533,
"USA","SOCEXP","PUB","PC_GDP","A","2013",18.484,
"USA","SOCEXP","PUB","PC_GDP","A","2014",18.47,
"USA","SOCEXP","PUB","PC_GDP","A","2015",18.539,
"USA","SOCEXP","PUB","PC_GDP","A","2016",18.646,
"USA","SOCEXP","PUB","PC_GDP","A","2017",18.439,
"USA","SOCEXP","PUB","PC_GDP","A","2018",18.19,
"USA","SOCEXP","PUB","PC_GDP","A","2019",18.71,
"CHL","SOCEXP","PUB","PC_GDP","A","2002",10.155,
"CHL","SOCEXP","PUB","PC_GDP","A","2003",10.036,
"CHL","SOCEXP","PUB","PC_GDP","A","2004",9.289,
"CHL","SOCEXP","PUB","PC_GDP","A","2005",8.871,
"CHL","SOCEXP","PUB","PC_GDP","A","2006",8.258,
"CHL","SOCEXP","PUB","PC_GDP","A","2007",8.431,
"CHL","SOCEXP","PUB","PC_GDP","A","2008",9.62,
"CHL","SOCEXP","PUB","PC_GDP","A","2009",11.489,
"CHL","SOCEXP","PUB","PC_GDP","A","2010",10.574,
"CHL","SOCEXP","PUB","PC_GDP","A","2011",10.112,
"CHL","SOCEXP","PUB","PC_GDP","A","2012",10.21,
"CHL","SOCEXP","PUB","PC_GDP","A","2013",10.117,
"CHL","SOCEXP","PUB","PC_GDP","A","2014",10.385,
"CHL","SOCEXP","PUB","PC_GDP","A","2015",10.899,
"CHL","SOCEXP","PUB","PC_GDP","A","2016",11.139,
"CHL","SOCEXP","PUB","PC_GDP","A","2017",11.45,
"CHL","SOCEXP","PUB","PC_GDP","A","2018",11.348,
"CHL","SOCEXP","PUB","PC_GDP","A","2019",11.397,
"EST","SOCEXP","PUB","PC_GDP","A","2002",12.758,
"EST","SOCEXP","PUB","PC_GDP","A","2003",12.888,
"EST","SOCEXP","PUB","PC_GDP","A","2004",13.306,
"EST","SOCEXP","PUB","PC_GDP","A","2005",12.84,
"EST","SOCEXP","PUB","PC_GDP","A","2006",12.455,
"EST","SOCEXP","PUB","PC_GDP","A","2007",12.367,
"EST","SOCEXP","PUB","PC_GDP","A","2008",15.121,
"EST","SOCEXP","PUB","PC_GDP","A","2009",19.313,
"EST","SOCEXP","PUB","PC_GDP","A","2010",17.994,
"EST","SOCEXP","PUB","PC_GDP","A","2011",16.038,
"EST","SOCEXP","PUB","PC_GDP","A","2012",15.636,
"EST","SOCEXP","PUB","PC_GDP","A","2013",15.575,
"EST","SOCEXP","PUB","PC_GDP","A","2014",15.949,
"EST","SOCEXP","PUB","PC_GDP","A","2015",17.154,
"EST","SOCEXP","PUB","PC_GDP","A","2016",17.505,
"EST","SOCEXP","PUB","PC_GDP","A","2017",17.242,
"EST","SOCEXP","PUB","PC_GDP","A","2018",17.511,
"EST","SOCEXP","PUB","PC_GDP","A","2019",17.688,
"ISR","SOCEXP","PUB","PC_GDP","A","2002",17.388,
"ISR","SOCEXP","PUB","PC_GDP","A","2003",16.85,
"ISR","SOCEXP","PUB","PC_GDP","A","2004",15.868,
"ISR","SOCEXP","PUB","PC_GDP","A","2005",15.386,
"ISR","SOCEXP","PUB","PC_GDP","A","2006",15.183,
"ISR","SOCEXP","PUB","PC_GDP","A","2007",14.679,
"ISR","SOCEXP","PUB","PC_GDP","A","2008",14.805,
"ISR","SOCEXP","PUB","PC_GDP","A","2009",15.365,
"ISR","SOCEXP","PUB","PC_GDP","A","2010",15.459,
"ISR","SOCEXP","PUB","PC_GDP","A","2011",15.236,
"ISR","SOCEXP","PUB","PC_GDP","A","2012",15.525,
"ISR","SOCEXP","PUB","PC_GDP","A","2013",15.482,
"ISR","SOCEXP","PUB","PC_GDP","A","2014",15.429,
"ISR","SOCEXP","PUB","PC_GDP","A","2015",15.411,
"ISR","SOCEXP","PUB","PC_GDP","A","2016",15.398,
"ISR","SOCEXP","PUB","PC_GDP","A","2017",16.241,
"ISR","SOCEXP","PUB","PC_GDP","A","2018",16.269,
"ISR","SOCEXP","PUB","PC_GDP","A","2019",16.292,
"SVN","SOCEXP","PUB","PC_GDP","A","2002",22.32,
"SVN","SOCEXP","PUB","PC_GDP","A","2003",21.935,
"SVN","SOCEXP","PUB","PC_GDP","A","2004",21.551,
"SVN","SOCEXP","PUB","PC_GDP","A","2005",21.524,
"SVN","SOCEXP","PUB","PC_GDP","A","2006",21.126,
"SVN","SOCEXP","PUB","PC_GDP","A","2007",19.763,
"SVN","SOCEXP","PUB","PC_GDP","A","2008",19.88,
"SVN","SOCEXP","PUB","PC_GDP","A","2009",22.428,
"SVN","SOCEXP","PUB","PC_GDP","A","2010",23.355,
"SVN","SOCEXP","PUB","PC_GDP","A","2011",23.441,
"SVN","SOCEXP","PUB","PC_GDP","A","2012",23.473,
"SVN","SOCEXP","PUB","PC_GDP","A","2013",23.802,
"SVN","SOCEXP","PUB","PC_GDP","A","2014",23.094,
"SVN","SOCEXP","PUB","PC_GDP","A","2015",22.651,
"SVN","SOCEXP","PUB","PC_GDP","A","2016",22.291,
"SVN","SOCEXP","PUB","PC_GDP","A","2017",21.497,
"SVN","SOCEXP","PUB","PC_GDP","A","2018",21.018,
"SVN","SOCEXP","PUB","PC_GDP","A","2019",21.112,
"OECD","SOCEXP","PUB","PC_GDP","A","2002",18.168,
"OECD","SOCEXP","PUB","PC_GDP","A","2003",18.531,
"OECD","SOCEXP","PUB","PC_GDP","A","2004",18.344,
"OECD","SOCEXP","PUB","PC_GDP","A","2005",18.279,
"OECD","SOCEXP","PUB","PC_GDP","A","2006",17.95,
"OECD","SOCEXP","PUB","PC_GDP","A","2007",17.781,
"OECD","SOCEXP","PUB","PC_GDP","A","2008",18.54,
"OECD","SOCEXP","PUB","PC_GDP","A","2009",20.756,
"OECD","SOCEXP","PUB","PC_GDP","A","2010",20.574,
"OECD","SOCEXP","PUB","PC_GDP","A","2011",20.162,
"OECD","SOCEXP","PUB","PC_GDP","A","2012",20.308,
"OECD","SOCEXP","PUB","PC_GDP","A","2013",20.392,
"OECD","SOCEXP","PUB","PC_GDP","A","2014",20.327,
"OECD","SOCEXP","PUB","PC_GDP","A","2015",20.234,
"OECD","SOCEXP","PUB","PC_GDP","A","2016",20.207,
"OECD","SOCEXP","PUB","PC_GDP","A","2017",19.938,
"OECD","SOCEXP","PUB","PC_GDP","A","2018",19.809,
"OECD","SOCEXP","PUB","PC_GDP","A","2019",20.031,
"LVA","SOCEXP","PUB","PC_GDP","A","2002",13.838,
"LVA","SOCEXP","PUB","PC_GDP","A","2003",12.908,
"LVA","SOCEXP","PUB","PC_GDP","A","2004",13.069,
"LVA","SOCEXP","PUB","PC_GDP","A","2005",12.266,
"LVA","SOCEXP","PUB","PC_GDP","A","2006",12.161,
"LVA","SOCEXP","PUB","PC_GDP","A","2007",11.079,
"LVA","SOCEXP","PUB","PC_GDP","A","2008",12.993,
"LVA","SOCEXP","PUB","PC_GDP","A","2009",18.086,
"LVA","SOCEXP","PUB","PC_GDP","A","2010",19.466,
"LVA","SOCEXP","PUB","PC_GDP","A","2011",16.579,
"LVA","SOCEXP","PUB","PC_GDP","A","2012",15.359,
"LVA","SOCEXP","PUB","PC_GDP","A","2013",15.529,
"LVA","SOCEXP","PUB","PC_GDP","A","2014",15.354,
"LVA","SOCEXP","PUB","PC_GDP","A","2015",15.767,
"LVA","SOCEXP","PUB","PC_GDP","A","2016",16.14,
"LVA","SOCEXP","PUB","PC_GDP","A","2017",15.907,
"LVA","SOCEXP","PUB","PC_GDP","A","2018",15.847,
"LVA","SOCEXP","PUB","PC_GDP","A","2019",16.436,
"LTU","SOCEXP","PUB","PC_GDP","A","2002",14.338,
"LTU","SOCEXP","PUB","PC_GDP","A","2003",14.271,
"LTU","SOCEXP","PUB","PC_GDP","A","2004",13.221,
"LTU","SOCEXP","PUB","PC_GDP","A","2005",13.679,
"LTU","SOCEXP","PUB","PC_GDP","A","2006",13.743,
"LTU","SOCEXP","PUB","PC_GDP","A","2007",14.823,
"LTU","SOCEXP","PUB","PC_GDP","A","2008",16.555,
"LTU","SOCEXP","PUB","PC_GDP","A","2009",21.817,
"LTU","SOCEXP","PUB","PC_GDP","A","2010",19.466,
"LTU","SOCEXP","PUB","PC_GDP","A","2011",17.419,
"LTU","SOCEXP","PUB","PC_GDP","A","2012",16.503,
"LTU","SOCEXP","PUB","PC_GDP","A","2013",15.491,
"LTU","SOCEXP","PUB","PC_GDP","A","2014",15.629,
"LTU","SOCEXP","PUB","PC_GDP","A","2015",15.939,
"LTU","SOCEXP","PUB","PC_GDP","A","2016",15.59,
"LTU","SOCEXP","PUB","PC_GDP","A","2017",15.333,
"LTU","SOCEXP","PUB","PC_GDP","A","2018",16.205,
"LTU","SOCEXP","PUB","PC_GDP","A","2019",16.698,
"COL","SOCEXP","PUB","PC_GDP","A","2010",12.992,
"COL","SOCEXP","PUB","PC_GDP","A","2011",12.677,
"COL","SOCEXP","PUB","PC_GDP","A","2012",12.62,
"COL","SOCEXP","PUB","PC_GDP","A","2013",13.608,
"COL","SOCEXP","PUB","PC_GDP","A","2014",13.903,
"COL","SOCEXP","PUB","PC_GDP","A","2015",14.164,
"COL","SOCEXP","PUB","PC_GDP","A","2016",13.576,
"COL","SOCEXP","PUB","PC_GDP","A","2017",13.315,
"COL","SOCEXP","PUB","PC_GDP","A","2018",13.076,
"CRI","SOCEXP","PUB","PC_GDP","A","2011",12.125,
"CRI","SOCEXP","PUB","PC_GDP","A","2012",11.863,
"CRI","SOCEXP","PUB","PC_GDP","A","2013",12.368,
"CRI","SOCEXP","PUB","PC_GDP","A","2014",12.207,
"CRI","SOCEXP","PUB","PC_GDP","A","2015",12.532,
"CRI","SOCEXP","PUB","PC_GDP","A","2016",12.214,
"CRI","SOCEXP","PUB","PC_GDP","A","2017",11.94,
"CRI","SOCEXP","PUB","PC_GDP","A","2018",12.229,
